INSERT INTO Product (product_name, product_status) 
VALUES ('Струны для электрогитары', 'in stock'),
       ('Струны для бас гитары', 'in stock'),
       ('Струны для акустической гитары', 'out of stock'),
       ('Медиатор тонкий', 'out of stock'),
       ('Медиатор средний', 'in stock'),
       ('Медиатор толстый', 'in stock'),
       ('Батарейка 9 вольт', 'in stock'),
       ('Барабанные палочки', 'in stock') ON CONFLICT DO NOTHING;

INSERT INTO Shop (shop_status)
VALUES ('opened'),
       ('opened'),
       ('opened'),
       ('closed'),
       ('opened'),
       ('opened'),
       ('opened'),
       ('opened'),
       ('closed'),
       ('opened') ON CONFLICT DO NOTHING;

INSERT INTO Product_Range (shop_id, product_id)
VALUES (1, 1),
       (1, 2),
       (1, 3),
       (2, 5),
       (2, 6),
       (2, 8),
       (3, 1),
       (3, 7),
       (3, 8),
       (4, 2),
       (4, 4),
       (4, 6),
       (5, 4),
       (5, 5),
       (5, 7),
       (6, 1),
       (6, 2),
       (6, 4),
       (7, 1),
       (7, 7),
       (7, 8),
       (8, 4),
       (8, 5),
       (8, 6),
       (9, 1),
       (9, 2),
       (9, 7),
       (10, 2),
       (10, 3),
       (10, 5) ON CONFLICT DO NOTHING;

INSERT INTO Human (human_name, human_age, sex, salary, job_state)
VALUES ('Daniel Binov', 20, 'male', 1000000, 'employed'),
       ('Ruslan Abulfatov', 20, 'male', 1000000, 'employed'),
       ('Irina Kapustova', 24, 'female', 150000, 'employed'),
       ('Polina Pirozhkova', 25, 'female', 120000, 'employed'),
       ('Ivan Ivanov', 30, 'male', 45000, 'employed'),
       ('Petr Petrov', 19, 'male', 50000, 'employed'),
       ('Andrei Vinokurov', 23, 'male', 25000, 'employed'),
       ('Alexandra Chernina', 45, 'female', 57000, 'employed'),
       ('Viktoria Putina', 32, 'female', 0, 'unemployed'),
       ('Eva Rabinovich', 18, 'female', 90000, 'employed'),
       ('Regina Kovalchuk', 46, 'female', 75000, 'employed'),
       ('Isaak Moskvin', 50, 'male', 40000, 'employed'),
       ('Polina Belokurova', 34, 'female', 60000, 'employed'),
       ('Ivan Benzinov', 23, 'male', 200000, 'employed'),
       ('Maxim Prihodko', 25, 'male', 28000, 'employed'),
       ('Alexander Ivanov', 19, 'male', 45000, 'employed'),
       ('Nikita Orlov', 36, 'male', 65000, 'employed'),
       ('Olga Khutorova', 38, 'female', 90000, 'employed'),
       ('Maria Balabanova', 28, 'female', 40000, 'employed'),
       ('Tatiana Tarantinova', 26, 'female', 20000, 'employed'),
       ('Denis Denverov', 25, 'male', 130000, 'employed'),
       ('Artur Pirozhkov', 19, 'male', 25000, 'employed'),
       ('Eleonora Vishneva', 39, 'female', 55000, 'employed'),
       ('Andrei Golubev', 58, 'male', 67000, 'employed'),
       ('Petr Kozlov', 35, 'male', 0, 'unemployed'),
       ('Daria Troekurova', 46, 'female', 100000, 'employed'),
       ('Gleb Morkovkin', 27, 'male', 50000, 'employed'),
       ('Alexandra Kashina', 38, 'female', 70000, 'employed'),
       ('Artem Blinin', 31, 'male', 39000, 'employed'),
       ('Petr Soloviev', 39, 'male', 190000, 'employed'),
       ('Dmitrii Duhin', 23, 'male', 25000, 'employed'),
       ('Alexei Denisov', 24, 'male', 27000, 'employed'),
       ('Ivan Sizov', 34, 'male', 50000, 'employed'),
       ('Stas Glebushkov', 30, 'male', 100000, 'employed'),
       ('David Belobrysov', 56, 'male', 120000, 'employed'),
       ('Ruslan Rechkin', 33, 'male', 67000, 'employed'),
       ('Tatiana Bikova', 24, 'female', 49000, 'employed'),
       ('Olga Frantsuzova', 55, 'female', 45000, 'employed'),
       ('Elena Knizhkina', 40, 'female', 150000, 'employed'),
       ('Ivan Nomerov', 22, 'male', 73000, 'employed'),
       ('Anastasia Petrova', 26, 'female', 29000, 'employed'),
       ('Daria Suvorova', 44, 'female', 45000, 'employed'),
       ('Petr Savushkin', 27, 'male', 77000, 'employed'),
       ('Danila Danilov', 41, 'male', 35000, 'employed'),
       ('Denis Chizhykov', 25, 'male', 100000, 'employed'),
       ('Ivan Vinogradov', 21, 'male', 180000, 'employed'),
       ('Vladimir Gorbunov', 22, 'male', 78000, 'employed'),
       ('Oleg Ivanov', 27, 'male', 30000, 'employed'),
       ('Sergei Kozlovskiy', 19, 'male', 40500, 'employed'),
       ('Nikita Voznesentsov', 25, 'male', 80000, 'employed'),
       ('Olga Goldberg', 18, 'female', 0, 'unemployed'),
       ('Petr Panin', 21, 'male', 33000, 'employed'),
       ('Daniel Baranov', 20, 'male', 38000, 'employed'),
       ('Mikhail Sapogov', 20, 'male', 76000, 'employed'),
       ('Maria Popova', 33, 'female', 40000, 'employed'),
       ('Ivan Sokolov', 23, 'male', 90000, 'employed') ON CONFLICT DO NOTHING;

INSERT INTO Role_Duty (action_name)
VALUES ('Fire, Hire, Ban, Open event, Close event, Open place, Close place'),
       ('Sell, Clean, Snitch, Open event, Close event'),
       ('Fix, Snitch'),
       ('Buy, Rehearse') ON CONFLICT DO NOTHING;

INSERT INTO Admin (human_id, sold_count, role_duty_id, state_work)
VALUES (7, 50, 2, TRUE),
       (8, 87, 2, TRUE),
       (11, 91, 2, TRUE),
       (12, 54, 2, TRUE),
       (13, 76, 2, TRUE),
       (14, 63, 2, TRUE),
       (15, 53, 2, TRUE),
       (31, 50, 2, TRUE),
       (32, 81, 2, TRUE),
       (33, 77, 2, TRUE) ON CONFLICT DO NOTHING;

INSERT INTO Master (human_id, fixed, not_fixed, role_duty_id, state_work)
VALUES (10, 56, 2, 3, TRUE),
       (16, 37, 3, 3, TRUE),
       (17, 59, 5, 3, TRUE),
       (20, 88, 0, 3, TRUE),
       (27, 67, 1, 3, TRUE),
       (29, 54, 1, 3, TRUE),
       (30, 70, 3, 3, TRUE),
       (34, 73, 2, 3, TRUE),
       (35, 50, 1, 3, TRUE),
       (40, 80, 1, 3, TRUE) ON CONFLICT DO NOTHING;

INSERT INTO Owner (human_id, cruelty, role_duty_id)
VALUES (1, 'happy', 1) ON CONFLICT DO NOTHING;

INSERT INTO Relax_Room (room_state)
VALUES ('opened'),
       ('opened'),
       ('opened'),
       ('opened'),
       ('closed'),
       ('opened'),
       ('opened'),
       ('opened'),
       ('opened'),
       ('opened') ON CONFLICT DO NOTHING;

INSERT INTO Room (place_id, human_id)
VALUES (1, 37),
       (1, 38),
       (2, 25),
       (2, 32),
       (3, 16),
       (3, 31),
       (4, 30),
       (4, 11),
       (5, 21),
       (5, 10),
       (6, 22),
       (6, 23),
       (7, 17),
       (7, 24),
       (8, 19),
       (8, 20),
       (9, 29),
       (9, 27),
       (10, 28),
       (10, 15) ON CONFLICT DO NOTHING;

INSERT INTO Event_Time (start, finish, start_date, finish_date)
VALUES  ('12:00', '15:30', '2024-01-08', '2024-01-08'),  
        ('09:00', '12:45', '2024-01-09', '2024-01-09'),
        ('18:30', '21:00', '2024-01-10', '2024-01-10');
        ('15:00','16:00','2024-05-04','2024-05-05'),
        ('10:00','11:15','2024-07-09','2024-07-10') ON CONFLICT DO NOTHING;

INSERT INTO Event (event_time_id, event_name, event_status)
VALUES (1, 'Sale', 'Ongoing'),
       (2, 'Cashback', 'finished'),
       (2, 'Lottery', 'finished'),
       (3, 'Talent Show', 'finished'),
       (4, 'Concert', 'finished'),
       (4, 'Party', 'finished'),
       (5, 'Secret Event', 'finished') ON CONFLICT DO NOTHING;

INSERT INTO Address (address_name)
VALUES ('Nevsky 122'),
       ('Sadovaya 49'),
       ('13th line V.O. 30'),
       ('Shamsheva 8'),
       ('Beloostrovskaya 22'),
       ('Mebelnaya 1'),
       ('Borovaya 51'),
       ('Rozenshtein 8'),
       ('Kazanskaya 5'),
       ('Marata 36') ON CONFLICT DO NOTHING;

INSERT INTO Equipment (address_id, equipment_name)
VALUES (1, 'DW drums'),
       (1, 'Fender Jazz bass'),
       (1, 'Gibson Les Paul guitar'),
       (2, 'Gretch drums'),
       (2, 'Gretch bass'),
       (2, 'Rickenbacker guitar'),
       (3, 'Tama drums'),
       (3, 'Ibanez bass'),
       (3, 'Ibanez guitar'),
       (4, 'Yamaha drums'),
       (4, 'Fender bass'),
       (4, 'Fender Stratocaster guitar'),
       (5, 'Sonor drums'),
       (5, 'Gibson bass'),
       (5, 'Gibson Flying V guitar'),
       (6, 'Pearl drums'),
       (6, 'Fender Precision bass'),
       (6, 'Fender Telecaster guitar'),
       (7, 'Mapex drums'),
       (7, 'Warwick bass'),
       (7, 'ESP guitar'),
       (8, 'Premier drums'),
       (8, 'Music Man bass'),
       (8, 'PRS guitar'),
       (9, 'Ludwig drums'),
       (9, 'Yamaha piano'),
       (9, 'Rickenbacker bass'),
       (10, 'Tama Starclassic drums'),
       (10, 'Kiesel bass'),
       (10, 'Kiesel guitar') ON CONFLICT DO NOTHING;

INSERT INTO Place (address_id, owner_id, admin_id, master_id, place_status, relax_room_id, shop_id)
VALUES (1, 1, 1, 1, 'opened', 1, 1),
       (2, 1, 2, 2, 'opened', 2, 2),
       (3, 1, 3, 3, 'opened', 3, 3),
       (4, 1, 4, 4, 'opened', 4, 4),
       (5, 1, 5, 5, 'opened', 5, 5),
       (6, 1, 6, 6, 'opened', 6, 6),
       (7, 1, 7, 7, 'opened', 7, 7),
       (8, 1, 8, 8, 'opened', 8, 8),
       (9, 1, 9, 9, 'opened', 9, 9),
       (10, 1, 10, 10, 'opened', 10, 10) ON CONFLICT DO NOTHING;

INSERT INTO Buyer (human_id, role_duty_id)
VALUES (2, 4),
       (3, 4),
       (4, 4),
       (5, 4),
       (6, 4),
       (9, 4),
       (18, 4),
       (19, 4),
       (21, 4),
       (22, 4),
       (23, 4),
       (24, 4),
       (25, 4),
       (26, 4),
       (28, 4),
       (36, 4),
       (37, 4),
       (38, 4),
       (39, 4),
       (41, 4),
       (42, 4),
       (43, 4),
       (44, 4),
       (45, 4),
       (46, 4),
       (47, 4),
       (48, 4),
       (49, 4),
       (50, 4),
       (51, 4),
       (52, 4),
       (53, 4),
       (54, 4),
       (55, 4),
       (56, 4) ON CONFLICT DO NOTHING;

INSERT INTO Buyer (ban_status)
VALUES (FALSE),
       (FALSE),
       (FALSE),
       (FALSE),
       (FALSE),
       (FALSE),
       (FALSE),
       (FALSE),
       (FALSE),
       (FALSE),
       (FALSE),
       (FALSE),
       (FALSE),
       (FALSE),
       (FALSE),
       (FALSE),
       (FALSE),
       (FALSE),
       (FALSE),
       (FALSE),
       (FALSE),
       (FALSE),
       (FALSE),
       (FALSE),
       (FALSE),
       (FALSE),
       (FALSE),
       (FALSE),
       (FALSE),
       (FALSE),
       (FALSE),
       (FALSE),
       (FALSE),
       (FALSE),
       (FALSE) ON CONFLICT DO NOTHING;

INSERT INTO Place_to_Event (place_id, event_id)
VALUES (1, 1),
       (2, 1),
       (3, 1),
       (4, 2),
       (5, 2) ON CONFLICT DO NOTHING;

INSERT INTO Place_to_Buyer (place_id, buyer_id)
VALUES (1, 1),
       (1, 2),
       (1, 3),
       (2, 4),
       (2, 5),
       (2, 6),
       (3, 7),
       (3, 8),
       (3, 9),
       (4, 10),
       (4, 11),
       (4, 12),
       (5, 13),
       (5, 14),
       (5, 15),
       (6, 16),
       (6, 17),
       (6, 18),
       (6, 19),
       (7, 20),
       (7, 21),
       (7, 22),
       (7, 23),
       (8, 24),
       (8, 25),
       (8, 26),
       (8, 27),
       (9, 28),
       (9, 29),
       (9, 30),
       (9, 31),
       (10, 32),
       (10, 33),
       (10, 34),
       (10, 35) ON CONFLICT DO NOTHING;
